{
    "rmse": 0.9883839234883954,
    "r2": 0.12988688254208525,
    "mae": 0.7299980897756149
}